,count,gender
zulamar,1,X
helano,1,X
heric,1,X
herculana,1,X
herciane,1,X
herbete,1,X
herbet,1,X
herbenny,1,X
henne,1,X
hellyda,1,X
helida,1,X
heliane,1,X
helderes,1,X
helainy,1,X
herika,1,X
hebert,1,X
hebel,1,X
hartt,1,X
harim,1,X
hanry,1,X
handerson,1,X
hallysson,1,X
hallissa,1,X
halcima,1,X
hailton,1,X
hailson,1,X
herick,1,X
hernani,1,X
edriene,1,X
ianny,1,X
ilisdayne,1,X
ilena,1,X
ilanna,1,X
ilane,1,X
iesus,1,X
idivaldo,1,X
idiana,1,X
idausa,1,X
idalmis,1,X
iasmim,1,X
iano,1,X
iage,1,X
hertz,1,X
hylas,1,X
hylarina,1,X
huldmary,1,X
huganisa,1,X
hortevan,1,X
hironobu,1,X
hindiael,1,X
hilca,1,X
heyder,1,X
hevio,1,X
heverton,1,X
hadiellson,1,X
gyovanny,1,X
gylce,1,X
elikassya,1,X
elizangela,1,X
elizabethe,1,X
elizabel,1,X
elisete,1,X
elisanie,1,X
elisandra,1,X
elisama,1,X
elione,1,X
eliomar,1,X
elinete,1,X
elinei,1,X
elieser,1,X
gutembergue,1,X
elienice,1,X
elielsa,1,X
elidete,1,X
eledir,1,X
elda,1,X
elania,1,X
eiji,1,X
egmar,1,X
efrain,1,X
edzana,1,X
edy,1,X
elka,1,X
emanuella,1,X
emelie,1,X
emidio,1,X
gunthineia,1,X
grinaura,1,X
grazielle,1,X
esequias,1,X
eryvaldo,1,X
eronilson,1,X
ernande,1,X
ermeton,1,X
erivaldo,1,X
erineide,1,X
erinaldo,1,X
erikson,1,X
erida,1,X
erickinson,1,X
eriama,1,X
eranilson,1,X
enoleide,1,X
enilson,1,X
enildo,1,X
eneide,1,X
eneas,1,X
emily,1,X
emili,1,X
illana,1,X
illanne,1,X
illia,1,X
josy,1,X
julliane,1,X
julita,1,X
julieth,1,X
julianny,1,X
judney,1,X
judithe,1,X
jucimar,1,X
juciene,1,X
juciano,1,X
joyme,1,X
joyanne,1,X
jossana,1,X
josenilson,1,X
josivania,1,X
josivan,1,X
josinete,1,X
josineide,1,X
josinaldo,1,X
josina,1,X
josimey,1,X
josimara,1,X
josilete,1,X
josilda,1,X
josicleide,1,X
julyana,1,X
julyherme,1,X
juna,1,X
jusciano,1,X
katiuscia,1,X
katiene,1,X
katie,1,X
kathyleen,1,X
kathia,1,X
katarine,1,X
kassio,1,X
karyne,1,X
karylane,1,X
karllyammo,1,X
karliane,1,X
karita,1,X
karinna,1,X
karime,1,X
karilene,1,X
karilany,1,X
kamyla,1,X
kalyne,1,X
kalline,1,X
kalieny,1,X
kadma,1,X
juvaneide,1,X
jussuer,1,X
josibel,1,X
josenberg,1,X
ilmara,1,X
jahyr,1,X
jhonatas,1,X
jessicley,1,X
jesonias,1,X
jesaias,1,X
jerffeson,1,X
jennys,1,X
jenner,1,X
jamerson,1,X
jales,1,X
jaira,1,X
jailda,1,X
jadnaelson,1,X
josenalde,1,X
jacyene,1,X
jacyana,1,X
jacquelinne,1,X
jacopo,1,X
jackeline,1,X
jacileide,1,X
jacicleide,1,X
izaura,1,X
izala,1,X
ilzenete,1,X
iloneide,1,X
joacy,1,X
joade,1,X
joadete,1,X
joadir,1,X
josemery,1,X
joselly,1,X
joselito,1,X
joselise,1,X
joselio,1,X
joseli,1,X
joseleno,1,X
joseilce,1,X
josceliano,1,X
josalmir,1,X
josair,1,X
jordi,1,X
jonia,1,X
jonata,1,X
joilson,1,X
johnnatas,1,X
joelza,1,X
joelia,1,X
joceline,1,X
jocelia,1,X
joatao,1,X
joatan,1,X
joanilda,1,X
edu,1,X
edney,1,X
kayo,1,X
annick,1,X
arivaldo,1,X
aristotelino,1,X
arinaldo,1,X
arethe,1,X
araken,1,X
apuena,1,X
any,1,X
anuska,1,X
antonnyo,1,X
antonioni,1,X
antonielli,1,X
annamaria,1,X
arlan,1,X
anina,1,X
anilza,1,X
angelike,1,X
angelamaria,1,X
anelino,1,X
aneide,1,X
andrey,1,X
andres,1,X
andreo,1,X
andreissa,1,X
andierison,1,X
arkady,1,X
arnaud,1,X
edneide,1,X
auxinildo,1,X
bismarck,1,X
bergson,1,X
beethoven,1,X
barnora,1,X
azemar,1,X
aysla,1,X
aylene,1,X
averlandio,1,X
avelino,1,X
avando,1,X
auzelivia,1,X
auta,1,X
arrhenius,1,X
aurino,1,X
aurigena,1,X
auniebson,1,X
audinez,1,X
athanasios,1,X
atelmo,1,X
aruzza,1,X
artemisa,1,X
artejose,1,X
arrison,1,X
arrilton,1,X
andiara,1,X
anaysi,1,X
anatalia,1,X
adiliane,1,X
alcilea,1,X
albanyra,1,X
akaline,1,X
aissa,1,X
aislania,1,X
airan,1,X
adson,1,X
adna,1,X
adley,1,X
adlareg,1,X
adja,1,X
adenilda,1,X
anajulia,1,X
adelena,1,X
adelardo,1,X
adeilze,1,X
adeilde,1,X
addison,1,X
adala,1,X
adaildo,1,X
adailde,1,X
acilene,1,X
abrahao,1,X
abmael,1,X
alcileia,1,X
alcio,1,X
aldaci,1,X
aldayr,1,X
anaisa,1,X
anair,1,X
anailson,1,X
amiria,1,X
amilson,1,X
amarino,1,X
amantino,1,X
amandda,1,X
amalusia,1,X
amadja,1,X
alzivany,1,X
alzeni,1,X
alvessena,1,X
altenir,1,X
altaiva,1,X
almaria,1,X
alman,1,X
aliani,1,X
alianda,1,X
alexsandra,1,X
alexey,1,X
aldomar,1,X
aldenor,1,X
boniek,1,X
boris,1,X
braz,1,X
denize,1,X
devani,1,X
deuza,1,X
deusimar,1,X
deusa,1,X
deuna,1,X
desio,1,X
derivaldo,1,X
deriscleia,1,X
denyson,1,X
dennys,1,X
dennis,1,X
denison,1,X
darcy,1,X
delson,1,X
delane,1,X
delando,1,X
dejadiere,1,X
deivedy,1,X
deilson,1,X
dayhenni,1,X
dayenne,1,X
dayany,1,X
dax,1,X
daviton,1,X
deyze,1,X
diomadson,1,X
djacir,1,X
djailde,1,X
edlucia,1,X
edla,1,X
edja,1,X
edinolia,1,X
edineide,1,X
edimilson,1,X
edimar,1,X
edilza,1,X
edileuza,1,X
edileide,1,X
ediane,1,X
ediana,1,X
eberton,1,X
dyego,1,X
dulcineide,1,X
dulceney,1,X
draulio,1,X
dory,1,X
dorian,1,X
dorgival,1,X
donalia,1,X
djanni,1,X
djailson,1,X
darlio,1,X
dany,1,X
brenno,1,X
christina,1,X
claudiane,1,X
claude,1,X
clauberto,1,X
clariana,1,X
cirlene,1,X
cinthya,1,X
cimone,1,X
ciliana,1,X
ciclamio,1,X
cibelle,1,X
christomyslley,1,X
cheng,1,X
danuzia,1,X
cellina,1,X
celita,1,X
celimar,1,X
celcimar,1,X
catiane,1,X
casio,1,X
carlson,1,X
candyce,1,X
brunna,1,X
brunilla,1,X
bruma,1,X
claudianny,1,X
clea,1,X
clebson,1,X
clecia,1,X
dannielly,1,X
danillo,1,X
danielson,1,X
damares,1,X
dalyana,1,X
dalvanir,1,X
dalvani,1,X
dalvaneide,1,X
dacifran,1,X
cybele,1,X
cristovam,1,X
cristianne,1,X
cristhianne,1,X
crisluci,1,X
crislane,1,X
crisdavid,1,X
clicerio,1,X
cleveland,1,X
clesio,1,X
cleomara,1,X
clenilson,1,X
clemilton,1,X
clediane,1,X
kaynara,1,X
keivilany,1,X
zorano,1,X
sanzia,1,X
sheylena,1,X
sheilla,1,X
shayanna,1,X
sharon,1,X
sergei,1,X
semideusa,1,X
selva,1,X
selan,1,X
sedina,1,X
schirley,1,X
saonara,1,X
saneiriany,1,X
sibele,1,X
sandi,1,X
sanderson,1,X
sancha,1,X
samyr,1,X
samaherni,1,X
salvina,1,X
salichoa,1,X
saint,1,X
rutilene,1,X
ruthnaldo,1,X
ruthineia,1,X
shirlle,1,X
silene,1,X
raphaella,1,X
sueni,1,X
tabatta,1,X
taanake,1,X
symone,1,X
sylvio,1,X
suzianne,1,X
suzet,1,X
sunara,1,X
sulemi,1,X
sulane,1,X
suenyra,1,X
suenia,1,X
suelene,1,X
silvagner,1,X
sueilha,1,X
sthone,1,X
stevenson,1,X
stenio,1,X
stenia,1,X
soraneide,1,X
sonemy,1,X
sonaydy,1,X
sislley,1,X
silvanna,1,X
silvania,1,X
rutacio,1,X
rusceli,1,X
rummenigge,1,X
rhudson,1,X
roberio,1,X
roan,1,X
rizia,1,X
rivanilda,1,X
rivanaldo,1,X
rimena,1,X
rildeci,1,X
ridalvo,1,X
richele,1,X
ricelle,1,X
riccardo,1,X
reynaldo,1,X
rucker,1,X
reymard,1,X
rerica,1,X
reny,1,X
rencio,1,X
renailda,1,X
reilda,1,X
reidson,1,X
regivan,1,X
regiberto,1,X
rebekka,1,X
rayron,1,X
rochele,1,X
rodio,1,X
rodivan,1,X
rogerson,1,X
rubenilson,1,X
rubenia,1,X
rozeli,1,X
rozangela,1,X
rossine,1,X
rosires,1,X
rosinete,1,X
rosie,1,X
rosiclea,1,X
rosiana,1,X
roseneide,1,X
rosenaldo,1,X
roselene,1,X
roseana,1,X
rosaver,1,X
rosano,1,X
roosewelt,1,X
ronedilk,1,X
ronai,1,X
romoaldo,1,X
romilson,1,X
romerito,1,X
romayana,1,X
taciana,1,X
taiana,1,X
taiza,1,X
volney,1,X
wanusia,1,X
wanderleia,1,X
walteca,1,X
walnesia,1,X
wallacy,1,X
walker,1,X
waldenice,1,X
waldecio,1,X
walber,1,X
walanne,1,X
wadleighn,1,X
vivianne,1,X
vanuza,1,X
vittor,1,X
vilani,1,X
viktor,1,X
vidal,1,X
vescio,1,X
veruska,1,X
veridiano,1,X
verbena,1,X
venilson,1,X
velasquez,1,X
veder,1,X
wattson,1,X
weber,1,X
weverson,1,X
wiara,1,X
zivanilson,1,X
zirleide,1,X
zilmar,1,X
ziliane,1,X
zilane,1,X
zeu,1,X
zenewton,1,X
zankennedy,1,X
ycaro,1,X
yasha,1,X
yanko,1,X
yanak,1,X
wouber,1,X
winifred,1,X
wilsynnara,1,X
williane,1,X
willams,1,X
willame,1,X
wilker,1,X
wilderson,1,X
wilaci,1,X
wiebke,1,X
wicliffe,1,X
vanuzia,1,X
vanja,1,X
tamms,1,X
thaiz,1,X
thereza,1,X
thercio,1,X
themistocles,1,X
thelma,1,X
thecyus,1,X
thazia,1,X
thayza,1,X
thauana,1,X
thatyane,1,X
thalles,1,X
thaiza,1,X
thaissa,1,X
vanisse,1,X
thaisa,1,X
teresinha,1,X
tathiany,1,X
tassos,1,X
tassiana,1,X
tassia,1,X
tasia,1,X
tarciso,1,X
tarciro,1,X
tarcilio,1,X
taniro,1,X
thiare,1,X
thiego,1,X
thyrone,1,X
tirzah,1,X
vanildo,1,X
vandiner,1,X
vander,1,X
vanci,1,X
vamberto,1,X
valtemia,1,X
valdson,1,X
valdira,1,X
valdi,1,X
valdenides,1,X
valdenia,1,X
valdelia,1,X
valdecy,1,X
valdecio,1,X
valber,1,X
uira,1,X
uiliete,1,X
uilame,1,X
ubirathan,1,X
tyego,1,X
tullio,1,X
tommaso,1,X
tomaz,1,X
ravenna,1,X
ranniery,1,X
kelsiane,1,X
lucilda,1,X
macilon,1,X
lyvia,1,X
lyrene,1,X
lyane,1,X
luzimara,1,X
luzimar,1,X
luziana,1,X
luzanira,1,X
lucymara,1,X
lucivania,1,X
lucileide,1,X
lucianna,1,X
madras,1,X
luciani,1,X
lucelio,1,X
luanna,1,X
luann,1,X
luanda,1,X
lousardo,1,X
louisianny,1,X
lore,1,X
loraine,1,X
lizie,1,X
lizianne,1,X
madiel,1,X
madrian,1,X
ranilson,1,X
margaretti,1,X
markus,1,X
marke,1,X
marizo,1,X
marizaldo,1,X
mariza,1,X
marisio,1,X
marineza,1,X
marileila,1,X
maricele,1,X
mariceia,1,X
margarita,1,X
mardeni,1,X
magdi,1,X
marconio,1,X
marcioneide,1,X
marciano,1,X
marcella,1,X
marcele,1,X
maralice,1,X
manoella,1,X
malcon,1,X
makarios,1,X
mahayana,1,X
magnalda,1,X
liss,1,X
lisie,1,X
lisandra,1,X
klayton,1,X
lamoniara,1,X
laisia,1,X
laelson,1,X
laecio,1,X
lady,1,X
kurios,1,X
ktarina,1,X
klinger,1,X
kleyton,1,X
kleison,1,X
kleiber,1,X
klaydson,1,X
lisabete,1,X
kivyson,1,X
kivia,1,X
kivhia,1,X
kisna,1,X
kionara,1,X
kilza,1,X
kilder,1,X
keyla,1,X
kessya,1,X
kerlei,1,X
kenio,1,X
lanissa,1,X
lanna,1,X
lannuzya,1,X
laralis,1,X
lindolfo,1,X
lindijane,1,X
lindemberg,1,X
lilianne,1,X
ligio,1,X
ligianne,1,X
lieti,1,X
lidio,1,X
lidianne,1,X
licelio,1,X
letissandra,1,X
lercia,1,X
leonilson,1,X
lenilton,1,X
lenicia,1,X
leis,1,X
leilianne,1,X
leilanne,1,X
leandson,1,X
lawrence,1,X
laurita,1,X
lauriana,1,X
larisse,1,X
marle,1,X
marliete,1,X
marlos,1,X
noemea,1,X
otanio,1,X
ossian,1,X
orison,1,X
orione,1,X
orgival,1,X
onildo,1,X
odirlei,1,X
odileno,1,X
odilene,1,X
oberlan,1,X
nominando,1,X
noeli,1,X
neuciane,1,X
nkarthe,1,X
nizia,1,X
nizete,1,X
nireide,1,X
nir,1,X
niomar,1,X
nilba,1,X
niedson,1,X
ng,1,X
neyre,1,X
neyjmme,1,X
otom,1,X
ozenilda,1,X
ozimar,1,X
pagandai,1,X
raniery,1,X
ranielle,1,X
rane,1,X
rand,1,X
raiza,1,X
rainete,1,X
rainelly,1,X
raimar,1,X
railton,1,X
railson,1,X
raiff,1,X
raiano,1,X
radegundis,1,X
protasio,1,X
polyanne,1,X
pledson,1,X
philippe,1,X
phietica,1,X
pettrus,1,X
petterson,1,X
petras,1,X
petala,1,X
pauliane,1,X
neusiene,1,X
nesio,1,X
marlucia,1,X
merces,1,X
miranice,1,X
miralva,1,X
miradalva,1,X
miracy,1,X
milva,1,X
millena,1,X
milkia,1,X
midori,1,X
midia,1,X
michelline,1,X
meyre,1,X
melyna,1,X
nerivania,1,X
melquesedeque,1,X
meily,1,X
mayonara,1,X
maurity,1,X
mauricelio,1,X
mauriceia,1,X
mauren,1,X
maureci,1,X
matthieu,1,X
massilde,1,X
marsilene,1,X
mirnari,1,X
moab,1,X
moacy,1,X
monaci,1,X
nerideus,1,X
neilma,1,X
nedja,1,X
nazineide,1,X
nathaly,1,X
natercio,1,X
natany,1,X
nalva,1,X
naiyan,1,X
naisandra,1,X
naire,1,X
naina,1,X
naiche,1,X
naianne,1,X
nai,1,X
myllena,1,X
mylena,1,X
mychelle,1,X
muirakytan,1,X
moyses,1,X
mousaniel,1,X
morton,1,X
monise,1,X
abdo,1,X
